index, value
0, 0.840188
1, 0.394383
2, 0.783099
3, 0.798440
4, 0.911647
5, 0.197551
6, 0.335223
7, 0.768230
8, 0.277775
9, 0.553970
